country_1,country_2,cfi_network,tli_network,rmsea_network,bic_network
USA,Canada,0.9563783832424548,0.9497242383133379,0.01890675665425722,19104106.186353385
USA,UK,0.9560005245879026,0.9492887402030064,0.019446641106039688,15485767.507227048
USA,Australia,0.9564976958903756,0.9498617511956872,0.019113943240927977,10631801.076242229
USA,Singapore,0.9386422946187846,0.9292826446453788,0.02155063681719204,2627920.287235121
USA,India,0.928839330029493,0.9179843125763648,0.02133790287776173,2756005.672961539
USA,Philippin,0.9281949930122051,0.9172416868615245,0.02189724789556496,2226326.720892198
USA,Netherlan,0.9442824058522914,0.9357831118297596,0.020864024670536354,1963726.1604743004
USA,New Zeala,0.9519810983446872,0.9446561811430293,0.01978101597856798,1921038.678149256
USA,Ireland,0.9541304826940453,0.9471334376812726,0.01954075312978007,1886147.205229604
USA,Finland,0.9420256667610362,0.9331821244025502,0.022005201464943263,1268505.9361694246
USA,Sweden,0.9437783878111996,0.9352022096807046,0.022181051457120862,1147830.3871171568
USA,China,0.897944547180105,0.882376766241477,0.023515159498866896,1149917.404124448
USA,Germany,0.9387692029418712,0.9294289118652075,0.02217638950594381,1074396.2687637182
USA,Malaysia,0.9189465966956356,0.9065825182254783,0.0233906116444062,936676.1209039938
USA,South Afr,0.9477539636067844,0.9397842292417177,0.020312140848457092,925167.8953922829
USA,Thailand,0.8408918670573515,0.8166211349135577,0.02606636504317009,844764.6944656117
USA,Hong Kong,0.9183018318460965,0.90583939941584,0.023585757378608702,832842.5002453842
USA,South Kor,0.9047182879196958,0.890183789466768,0.023700460757776064,732985.3523571695
USA,Norway,0.9420714673806748,0.933234911557388,0.02258262702543268,725728.78059058
USA,Mexico,0.9273372394185563,0.916253089499353,0.02196684487106472,742949.6169389661
USA,France,0.9323698113201362,0.922053341860496,0.02231182359226078,709511.7102939491
USA,Afghanist,0.9463879858261812,0.9382098819691581,0.021266952726038114,673658.0137664521
USA,Romania,0.9195877568341436,0.9073214824529112,0.026279697478224336,625591.1729741514
USA,Albania,0.9427902487555108,0.9340633375487243,0.021522950807406748,560966.2275159194
USA,Greece,0.9239779497105612,0.9123813657681045,0.0238790315313796,533660.8610456672
USA,Denmark,0.930613809380748,0.9200294752184892,0.02416944488502522,501061.33455767424
Canada,UK,0.9919818669850184,0.9867385986270633,0.00994459519143755,15412687.893629318
Canada,Australia,0.9923218828384587,0.9873009598023152,0.00961947035153367,10587851.13301723
Canada,Singapore,0.9849440375155993,0.9750985471071066,0.012788200776045408,2624746.945152892
Canada,India,0.9823919588458814,0.9708775969792895,0.012715014894228679,2753698.9960758253
Canada,Philippin,0.9793169364195172,0.9657917363992016,0.014078268218568231,2226399.4971526805
Canada,Netherlan,0.9870308290402877,0.9785499465711499,0.01205834342128444,1965214.2939612528
Canada,New Zeala,0.989316584556064,0.9823304178203144,0.011177049446951413,1924244.9926542072
Canada,Ireland,0.9887105821467784,0.9813281344748664,0.011613005132950738,1890315.1752827507
Canada,Finland,0.9847597368971442,0.974793727460183,0.013515537787177078,1273463.6002519808
Canada,Sweden,0.9865775717575562,0.9778002924134703,0.01298301797089216,1153051.4077946595
Canada,China,0.9709127879564133,0.9518918939098427,0.015038707113309355,1154782.8832169878
Canada,Germany,0.9852774596820103,0.9756500028097183,0.013026474442134343,1080107.1386400543
Canada,Malaysia,0.9746336125239559,0.9580458636601911,0.015675265051465933,943107.7299876522
Canada,South Afr,0.9865549073339352,0.9777628071263141,0.012343563512180711,932892.3666181276
Canada,Thailand,0.9443152587005302,0.9079015397548729,0.018472769764112235,850481.5883132641
Canada,Hong Kong,0.9763760906979727,0.9609277942051251,0.015193197439492953,839338.2930968873
Canada,South Kor,0.9685474634528225,0.9479798214160652,0.016312085228632194,740340.0403769328
Canada,Norway,0.983657009926732,0.9729698982804879,0.01436890215553886,733246.3727607395
Canada,Mexico,0.9750526955587708,0.9587389961291692,0.015418892510291502,751238.4762418519
Canada,France,0.9786188494293786,0.9646371519401814,0.015028302733229122,717549.0307353355
Canada,Afghanist,0.9839535526824177,0.9734603581543809,0.013937769634260584,682135.1302375229
Canada,Romania,0.9709586457865799,0.9519677393829465,0.018918963346574044,632596.136116296
Canada,Albania,0.9831280766664761,0.9720950816304469,0.01400163367601555,569630.4851596556
Canada,Greece,0.9729114159469968,0.9551974773828024,0.01707535349549888,541995.8996942956
Canada,Denmark,0.9770518592539514,0.9620454656180712,0.016650739901175823,509237.09387717344
UK,Australia,0.9897498017902979,0.9842440440867012,0.010714899203603273,10589189.711717505
UK,Singapore,0.9809137177871816,0.9706617750270132,0.013880784756825472,2623700.7317782845
UK,India,0.9784360715337352,0.9668532940260214,0.013565114295510248,2752353.5955411065
UK,Philippin,0.9745584816258392,0.9608929082472535,0.015052598583633654,2225191.099426318
UK,Netherlan,0.9834550516548178,0.9745681525975025,0.013129930092180327,1963765.1125302142
UK,New Zeala,0.986602739876668,0.9794065797027793,0.012066415440460292,1922538.6582476115
UK,Ireland,0.9872565925993549,0.9804116407232281,0.011894598662344226,1888234.3284194933
UK,Finland,0.9800890139303255,0.9693940924569483,0.01489298143772765,1272028.327660144
UK,Sweden,0.9837280134777157,0.9749877322348526,0.013780931242921795,1151247.0786393124
UK,China,0.9641523836171564,0.9448973130304621,0.01609488061844903,1153229.1211538133
UK,Germany,0.9812885417499946,0.9712379306985923,0.014157530248356106,1078432.165463699
UK,Malaysia,0.9687347388254078,0.9519410194216171,0.016777018274149062,941528.9587808158
UK,South Afr,0.9833029321489547,0.9743343241213211,0.01326101991431821,931061.9876763786
UK,Thailand,0.9337484135367256,0.8981622546075825,0.019424963910303045,848961.7283332233
UK,Hong Kong,0.9695536573282423,0.9531998091116577,0.016627962217630837,837837.649829549
UK,South Kor,0.9630166460256971,0.943151529090092,0.017052299678144516,738591.4732691478
UK,Norway,0.9800770521028098,0.9693757054928012,0.015294412308761364,731481.8420137682
UK,Mexico,0.9696550863722979,0.9533557194183438,0.01639390769123566,749528.5585734268
UK,France,0.9759156089729444,0.9629789985073893,0.01537660290559432,715626.2168420666
UK,Afghanist,0.9795962638453714,0.9686366682144136,0.015151542539005539,680425.0353175075
UK,Romania,0.9636323007850007,0.9440978746189246,0.02041009293727708,631201.239330518
UK,Albania,0.978259654192515,0.9665821164552331,0.015322435556532015,567933.145490589
UK,Greece,0.9695657033388838,0.9532183254767773,0.017448429816631132,540152.5365755163
UK,Denmark,0.9727790110920458,0.9581576187722728,0.017482756101195155,507500.9196015189
Australia,Singapore,0.9775520161167944,0.9673234240721533,0.014649249424792872,2622937.279829573
Australia,India,0.9743609927130963,0.9626783869462808,0.014394065423718521,2751591.378994975
Australia,Philippin,0.9717552539139749,0.9588853237402203,0.0154341301270534,2223955.470030097
Australia,Netherlan,0.9796481686810495,0.9703747042574299,0.014171140585909285,1962913.6359592185
Australia,New Zeala,0.9840949528522168,0.9768476989530741,0.012794140410284273,1921293.4453458383
Australia,Ireland,0.9838886646299523,0.97654741395675,0.013015058710220786,1887238.487091767
Australia,Finland,0.9763692671693058,0.965601746705167,0.015788730519315657,1270894.1475790075
Australia,Sweden,0.9795512886149577,0.9702336800633634,0.01503365584173445,1150186.8696865719
Australia,China,0.9597593129692105,0.941423342426129,0.016594480638575153,1151883.8564911862
Australia,Germany,0.9777054606736948,0.9675467867910665,0.015038561129612717,1077173.4663136643
Australia,Malaysia,0.9640901398877989,0.9477275430782638,0.017497014716147227,940273.7642802935
Australia,South Afr,0.9803088351414271,0.9713364083404258,0.014014121507265836,929667.9206610104
Australia,Thailand,0.9277365483872237,0.8948091652364479,0.019742165279942873,847592.5234649478
Australia,Hong Kong,0.9663918521250234,0.9510780477416244,0.017000711853308675,836400.4379156857
Australia,South Kor,0.955361146236308,0.9350211180687541,0.01823096593925831,737475.6606361298
Australia,Norway,0.9766801678856001,0.966054311662219,0.016102453631577047,730151.6764018345
Australia,Mexico,0.965203659091741,0.9493484456503631,0.01708361102251639,748188.5727638684
Australia,France,0.9717005750327546,0.9588057300170985,0.016220144652724977,714302.1746632587
Australia,Afghanist,0.9758959469863397,0.9649127546345496,0.016025824787699348,679095.1337690784
Australia,Romania,0.9598879179383668,0.9416105472130356,0.020859218093251596,629880.6020343897
Australia,Albania,0.9748103861930542,0.9633325499323969,0.016050134918382974,566553.031234957
Australia,Greece,0.9658826674224138,0.9503368492142782,0.017977761057664802,538768.1720424
Australia,Denmark,0.967867110529788,0.9532255186916792,0.018484435535682922,506247.16241703165
Singapore,India,0.9589307938807068,0.9480633843974932,0.01698009408543771,2750655.199928886
Singapore,Philippin,0.9553575985917914,0.9435446783466863,0.018085735001441568,2222844.8186313473
Singapore,Netherlan,0.959324873680914,0.948561742487022,0.018673106897448107,1963382.976661593
Singapore,New Zeala,0.9626524697145327,0.9527698607442018,0.01827358026634106,1922049.1578138059
Singapore,Ireland,0.965078943304,0.9558384086416154,0.017859657248284973,1887117.93244182
Singapore,Finland,0.9581528651050577,0.947079606243378,0.019583510748121372,1269214.2265800254
Singapore,Sweden,0.9568760859643262,0.9454649758741213,0.02034884604638373,1149243.5727061802
Singapore,China,0.9421517661213925,0.9268444226189768,0.018544925477277575,1148648.3684462134
Singapore,Germany,0.9561729471634046,0.9445757780281099,0.019652926805121408,1075441.632046989
Singapore,Malaysia,0.9523827691674419,0.9397826730172751,0.018779682135968766,936514.404091897
Singapore,South Afr,0.9626940443367944,0.9528224365151812,0.017979115748362667,926934.8312861982
Singapore,Thailand,0.8978946049554845,0.8708762804431738,0.021873024864396937,844574.1466506437
Singapore,Hong Kong,0.9542028096682587,0.9420843182839828,0.018497511378529088,832654.792056864
Singapore,South Kor,0.9342481408070321,0.9168494022958218,0.020623209340574798,734237.339910414
Singapore,Norway,0.9557089012470714,0.9439889399405047,0.020684100704027937,727744.8876768944
Singapore,Mexico,0.9462608931944019,0.93204087449664,0.01978824034941455,744928.385807076
Singapore,France,0.9534925113047328,0.9411860663683655,0.019381011133973385,711127.0017395588
Singapore,Afghanist,0.9552937149096157,0.9434638902682706,0.020342705594370264,676352.3720507025
Singapore,Romania,0.9424143628018378,0.9271765055623666,0.02329520730873787,626825.4055015192
Singapore,Albania,0.9533138523353851,0.940960132071316,0.020366247700692956,563606.3459944457
Singapore,Greece,0.9437083860076554,0.9288129429852391,0.021523802027514184,535693.0836367034
Singapore,Denmark,0.945225821409774,0.9307319101781414,0.022494083790219624,503368.1076256613
India,Philippin,0.953927910803224,0.9417160317390183,0.018376308644359983,2223270.4295956483
India,Netherlan,0.9571950780579394,0.9458491951335378,0.019159135870542042,1964049.5445926036
India,New Zeala,0.9583776935406925,0.947345274961117,0.019294463484566662,1923351.7572148042
India,Ireland,0.960425376555494,0.9499357173292395,0.01901580702609284,1888506.1954416493
India,Finland,0.9547707412307631,0.9427822630027727,0.020363121652111005,1269918.2966890587
India,Sweden,0.9554691883859439,0.943665840729206,0.020681781230551855,1149529.3789875596
India,China,0.9394163113026199,0.9233579841780132,0.018981688004114122,1148984.5164076071
India,Germany,0.9538860185313878,0.9416630354915148,0.020162730613149996,1075830.6573987124
India,Malaysia,0.9497936923518178,0.9364859963486851,0.019286891851117715,936836.4407646323
India,South Afr,0.9592254724304513,0.9484177663276794,0.018799688217471643,927422.2976401018
India,Thailand,0.8998724612322831,0.8733326316793943,0.021663978025942315,844450.3344098198
India,Hong Kong,0.9491039627449447,0.9356134468460144,0.019503511240719165,833230.7492162446
India,South Kor,0.9358735068253826,0.9188761230923514,0.020370322803926876,734116.5147896201
India,Norway,0.9513896519303673,0.9385049813576936,0.021673034195307955,728287.8675560852
India,Mexico,0.9457252020002425,0.9313391109641622,0.01989014719363271,744989.5969749317
India,France,0.9498569380537326,0.9365660059715895,0.020127848086135675,711491.4496219637
India,Afghanist,0.9501667487419142,0.9369579351554336,0.021481320161641764,676899.5867771917
India,Romania,0.9418262392616107,0.9264066882225196,0.02341801047081873,626899.8339035499
India,Albania,0.9479255930379196,0.9341227381805007,0.021513253888465447,564074.9082227991
India,Greece,0.9436011573313918,0.9286520665035679,0.02154810925105039,535713.8360559737
India,Denmark,0.943004872479847,0.9278977302455896,0.02294965551807541,503559.1727598575
Philippin,Netherlan,0.9510235090283764,0.9387686665142021,0.020373250167965016,1965416.8513069905
Philippin,New Zeala,0.954359515024958,0.9429394041810892,0.020085478536280798,1924046.2276018811
Philippin,Ireland,0.9578309013416976,0.9472793968796569,0.019513759469841133,1888758.9759413353
Philippin,Finland,0.9479380244204674,0.9349111354162384,0.02171862691888669,1270823.591211096
Philippin,Sweden,0.9486578780798827,0.9358111100490916,0.022076588564550397,1150362.70263284
Philippin,China,0.935247089720651,0.9190446893023022,0.01950850742409447,1148995.1716208486
Philippin,Germany,0.9472137382333868,0.9340056191536302,0.021445240120598945,1076448.5479210042
Philippin,Malaysia,0.9471243002640544,0.9338938021161528,0.019676533534395236,936688.2326455887
Philippin,South Afr,0.9544993672612243,0.9431142500866996,0.019742507804364512,927603.010597379
Philippin,Thailand,0.8945703491267317,0.8681898604035834,0.02209938778514955,844358.5170921317
Philippin,Hong Kong,0.9446629033708485,0.9308165172592993,0.020216986785896094,833260.2400625262
Philippin,South Kor,0.9293544164828147,0.9116775579911219,0.0212549014982475,734204.5551219685
Philippin,Norway,0.9474174719882706,0.9342603309396345,0.022408537040724832,728324.7684442161
Philippin,Mexico,0.940345635196168,0.9254189870951917,0.020729910377505337,745022.3160177027
Philippin,France,0.9442703543263818,0.9303257450342087,0.021094657780742453,711584.9125627178
Philippin,Afghanist,0.9488209933249373,0.9360150398073983,0.02164136776535809,676597.7338317172
Philippin,Romania,0.9379137642023698,0.9223786160751043,0.02405035621027137,626866.585990816
Philippin,Albania,0.9453775727641699,0.9317100104248246,0.021903668399939076,563859.5846471405
Philippin,Greece,0.9365210576923377,0.920637428107738,0.02272617445274955,535814.0489423756
Philippin,Denmark,0.9377922248223541,0.9222266652480491,0.023835104663070476,503553.1022815436
Netherlan,New Zeala,0.960654936875897,0.9505677017937542,0.018694740160012747,1922365.985336272
Netherlan,Ireland,0.9619098463269458,0.95214434326489406,0.018591627221261262,1887769.8027162198
Netherlan,Finland,0.96097654435499,0.9509717625716397,0.0188496008192428,1268369.2435923808
Netherlan,Sweden,0.9612589156618114,0.951326527859464,0.019224196422349966,1148132.3762996816
Netherlan,China,0.9298185277774461,0.9118254950432808,0.02035977087952697,1149834.3720704818
Netherlan,Germany,0.9587701714656904,0.9481997227283178,0.018999557056664798,1074753.254474904
Netherlan,Malaysia,0.9370114089602559,0.9208624775604836,0.021528745570352243,938086.483488477
Netherlan,South Afr,0.9578468383270824,0.9470396666646786,0.019049164381299704,927340.1039825444
Netherlan,Thailand,0.8803939002842248,0.8497294471281657,0.023596238372280864,845536.9787138768
Netherlan,Hong Kong,0.937578189776941,0.9215745688909658,0.021525025476392713,834233.7516284825
Netherlan,South Kor,0.927040346705499,0.9083350475940986,0.021653356250698048,734583.9948963068
Netherlan,Norway,0.9599994992370109,0.9497442239226214,0.019592630108236513,726970.2976116395
Netherlan,Mexico,0.9398798145760713,0.9244662812023842,0.02086189327817843,745251.0432147168
Netherlan,France,0.9518431772538053,0.9394967949308762,0.019657374342322547,711039.9435254305
Netherlan,Afghanist,0.951230760843616,0.9387273680139748,0.02117771118728279,676531.4618292503
Netherlan,Romania,0.9343647705996359,0.9175372975684322,0.024789034043911407,627420.5410978069
Netherlan,Albania,0.9494398796331461,0.9364773430548414,0.02112528906617007,563696.0658013815
Netherlan,Greece,0.9411198954399163,0.9260242923528069,0.021941334254141322,535649.9381029897
Netherlan,Denmark,0.9507599419631304,0.9381358412135758,0.02125794400564738,502689.0455616056
New Zeala,Ireland,0.9655450802204136,0.9572605755340087,0.017569730394206312,1886138.69744566
New Zeala,Finland,0.957474884811016,0.9472499439803082,0.0195519680924216,1268551.7631902506
New Zeala,Sweden,0.9587231839898448,0.9487983901472361,0.01971713632906672,1148097.6912207003
New Zeala,China,0.9248511693664747,0.9067820273239454,0.020933950749083077,1149895.9557679784
New Zeala,Germany,0.9553416176203186,0.9446037438862187,0.019647967959594757,1074796.90187393
New Zeala,Malaysia,0.9377484107408114,0.9227803427187966,0.021266275476869902,937491.1540729753
New Zeala,South Afr,0.9600020724305174,0.9503847806035257,0.018437754694194848,926539.6354611402
New Zeala,Thailand,0.8795687458395883,0.8506116826432697,0.023526869877135495,845092.540451197
New Zeala,Hong Kong,0.9379951171167976,0.9230863683484946,0.02131654796897358,833686.3690076183
New Zeala,South Kor,0.9232629006080906,0.9048118676757759,0.022065560584418997,734405.2011976747
New Zeala,Norway,0.9570954262011175,0.9467792465385648,0.02016230855963417,726835.9407473773
New Zeala,Mexico,0.9416890242222893,0.9276684560366827,0.020414895141753046,744601.5987277416
New Zeala,France,0.9497111897378612,0.9376195091605852,0.019960008013521612,710759.804822586
New Zeala,Afghanist,0.9543852413745253,0.9434174119899427,0.02035106573530036,675721.2841973396
New Zeala,Romania,0.9365563775979875,0.9213016914610199,0.02421661968722108,626711.9091350168
New Zeala,Albania,0.9527156703238574,0.9413464013398787,0.020299515123191076,562949.6235693395
New Zeala,Greece,0.9405115867629188,0.9262079099178666,0.021914086677746494,535229.5175523348
New Zeala,Denmark,0.9475465568828609,0.9349344016927774,0.021801050286785376,502484.3575903412
Ireland,Finland,0.9571095758395116,0.9468245131957134,0.019630653365910786,1268604.4017756684
Ireland,Sweden,0.9582590250885554,0.9482495987380248,0.01982252124730086,1148165.7159816779
Ireland,China,0.9263129606925442,0.9086429135865195,0.020723947887070222,1149702.4913511795
Ireland,Germany,0.9553602084253836,0.9446556499665287,0.019638760766861472,1074772.5552832368
Ireland,Malaysia,0.9379019877482127,0.9230109728290048,0.02123449398978328,937452.0156681614
Ireland,South Afr,0.9589400299911388,0.9490939076465934,0.018676068366394537,926663.8440359823
Ireland,Thailand,0.8786486071399322,0.8495487159192769,0.0236104237702777,845135.9135118222
Ireland,Hong Kong,0.9394760536294203,0.9249624974672792,0.021054959108336175,833502.4689307804
Ireland,South Kor,0.925392918477754,0.9075022465586322,0.021751497162292497,734209.0662539307
Ireland,Norway,0.956925703994813,0.9465965491444633,0.020196885722872177,726836.5954710102
Ireland,Mexico,0.9402061065128807,0.9258676159927015,0.020667467777302995,744713.9967557593
Ireland,France,0.9493408183834822,0.9371928187633378,0.02002815615833473,710775.6013962401
Ireland,Afghanist,0.9539656213401313,0.9429266428839272,0.020439132674956992,675745.1992332131
Ireland,Romania,0.9353292743374123,0.9198213264054739,0.02444332352477533,626820.0062400964
Ireland,Albania,0.9513680825105931,0.9397062179415933,0.020581384975572603,563044.3029577554
Ireland,Greece,0.9417243977583506,0.9277499913170034,0.02168390126909733,535119.9842345553
Ireland,Denmark,0.9463908940839718,0.9335355068170792,0.022034162680590205,502558.16152225994
Finland,Sweden,0.954232146975792,0.9448002583458031,0.020472484634203918,1147787.1413188789
Finland,China,0.9154932746126206,0.8980780372861674,0.021889470711683935,1149822.345483996
Finland,Germany,0.9505225943045997,0.9403262370498043,0.02039243780328216,1074422.3589533882
Finland,Malaysia,0.9259387150825001,0.9106760854204479,0.022872380865858164,937756.239168201
Finland,South Afr,0.9491589250443478,0.9386815413541627,0.020497277900454705,926882.9549565478
Finland,Thailand,0.8609161307480754,0.832253576611699,0.024930584875813042,845262.4449275171
Finland,Hong Kong,0.9294193870438849,0.9148740580225234,0.02242570898829787,833505.5079147021
Finland,South Kor,0.9163373248181613,0.8990960302705527,0.022718397221988047,733874.5932521104
Finland,Norway,0.95429552248884,0.9448766943530942,0.0205195283558585,726077.4931646372
Finland,Mexico,0.932610028833925,0.9187222307219973,0.021640593817411305,744316.4869024886
Finland,France,0.9445408248029684,0.933111738022499,0.0206686101251312,710167.2203936058
Finland,Afghanist,0.9420482057329786,0.9301054373198424,0.022618690043285455,675924.3251333707
Finland,Romania,0.9284580745042992,0.913714637155523,0.02535708854532102,626476.5000834588
Finland,Albania,0.9414527274806107,0.9293872422654662,0.02227306165682049,562847.6272761117
Finland,Greece,0.9344574212788228,0.9209503357991208,0.022681328262027158,534634.3812769417
Finland,Denmark,0.9425096900820646,0.9306620248624902,0.022505428190263355,501849.2332814254
Sweden,China,0.9131649623559159,0.895516992116825,0.02216277842845988,1149996.002316074
Sweden,Germany,0.9496323141030301,0.9393958076669422,0.020550801664974194,1074468.8771019848
Sweden,Malaysia,0.9212946329832599,0.9052989011628708,0.023550764491955638,938211.5859236332
Sweden,South Afr,0.9485607521641005,0.9381064662035183,0.020593170451171657,926867.5511764785
Sweden,Thailand,0.8500955243741177,0.819629599600809,0.025851661899149152,845918.7828458911
Sweden,Hong Kong,0.9268693385885205,0.9120065853592916,0.02280028640116201,833690.5258553628
Sweden,South Kor,0.9104895054665432,0.8922977871639903,0.023471231430973943,734263.5514560097
Sweden,Norway,0.9530013946163873,0.9434496052512649,0.020783446501795033,726142.1053893607
Sweden,Mexico,0.9265336221479793,0.9116026393893785,0.02256851246383017,744765.6402165935
Sweden,France,0.9423279744537706,0.9306069662285006,0.02105204331029078,710287.7270199008
Sweden,Afghanist,0.9414866968313694,0.9295947110508894,0.022701178098606566,675890.4478195701
Sweden,Romania,0.9265737040150502,0.9116508673184124,0.025658541573048654,626580.6929594611
Sweden,Albania,0.9391195714385642,0.9267465015287072,0.022685717426622693,562954.9280073609
Sweden,Greece,0.9314502593500065,0.9175185122613829,0.023168435724370294,534769.1858059543
Sweden,Denmark,0.9417532648964655,0.929915455234372,0.02262626301477279,501821.23563412525
China,Germany,0.9286328651629399,0.9135750775548491,0.0245412643341629,1078180.463323183
China,Malaysia,0.9220149672517753,0.9055608660409898,0.02351816853647044,938390.0974754224
China,South Afr,0.9287808282510264,0.9137542594491738,0.024309129226982775,929831.7955259086
China,Thailand,0.863654824031376,0.8348872869036675,0.02473409870303773,845236.9519614227
China,Hong Kong,0.9298712169593164,0.9150747098184394,0.02239926338650682,833620.5345706787
China,South Kor,0.9095112361032024,0.8904189663800653,0.02367506929452634,734599.8794541513
China,Norway,0.9236169335349704,0.9075008319945198,0.026580837515823713,729999.9459672084
China,Mexico,0.9153375706674884,0.8974746021990957,0.02430518982803675,746019.5678654821
China,France,0.9250501607204696,0.9092364565034181,0.024076427103700004,712209.4678082963
China,Afghanist,0.9154137123768379,0.8975668090859266,0.02738205914161047,678856.8862141023
China,Romania,0.9165896891573742,0.89899090579777,0.027435385100414763,627870.8271398956
China,Albania,0.9130163658204297,0.894663645176029,0.027203668601300513,565406.9023698143
China,Greece,0.9156429803418875,0.8978444504140225,0.025783950080158977,536189.7747990877
China,Denmark,0.9182739085066363,0.9010304794330702,0.02688762460530359,503947.9940595594
Germany,Malaysia,0.9192419092590866,0.9031716594642951,0.02381380235543393,938309.8561261384
Germany,South Afr,0.9457013032772055,0.9348962729469769,0.021120466203981985,927112.362437218
Germany,Thailand,0.8532237250000161,0.8240163554156364,0.02553536009005066,845556.8532893545
Germany,Hong Kong,0.9218293147986395,0.9062739391540363,0.02353127174157224,834102.0182849421
Germany,South Kor,0.9102852116488758,0.8924326467125059,0.023456532052582597,734139.224277049
Germany,Norway,0.9466967492870234,0.9360898051904865,0.02209453257206177,726773.9874928399
Germany,Mexico,0.9275968052223394,0.9131891165890015,0.022365075762390906,744530.340169065
Germany,France,0.9406194540947402,0.928803174179084,0.021323899813407265,710312.9167862039
Germany,Afghanist,0.9373924225449879,0.9249339877365597,0.023440529944187532,676178.3582236936
Germany,Romania,0.9217243211802632,0.9061480525990058,0.02644554165223274,626947.7146705735
Germany,Albania,0.936478880846021,0.9238386581428364,0.023131597479216625,563043.2271017864
Germany,Greece,0.9278209061695739,0.9134578119312775,0.02373189428427133,534905.7013546308
Germany,Denmark,0.9384846359460669,0.9262435433509518,0.02321142080576019,501950.64079676016
Malaysia,South Afr,0.9297187191763439,0.9172888832897801,0.02380578553454784,928517.9955607915
Malaysia,Thailand,0.85562259059348,0.830088230894585,0.025090976493271674,844620.0827200917
Malaysia,Hong Kong,0.922146641302762,0.9083776197299687,0.023265693469705907,833297.741224032
Malaysia,South Kor,0.9019981904962806,0.884665745861784,0.024288613171813443,734070.7349515351
Malaysia,Norway,0.9219445018448484,0.9081397302080464,0.026488880601916166,729056.2446132659
Malaysia,Mexico,0.9111473394846373,0.8954329988330825,0.024545993362874555,745251.0352576008
Malaysia,France,0.9207077667867681,0.9066842681485948,0.024412584004069354,711490.3085794325
Malaysia,Afghanist,0.9179928090252268,0.903489147262258,0.02657870578632116,677460.0951823464
Malaysia,Romania,0.9162012719061969,0.9013807617290666,0.02710888431029091,626786.1662700665
Malaysia,Albania,0.9127205699035628,0.8972844682893419,0.02686311629086277,564332.3692411783
Malaysia,Greece,0.9099486042717734,0.8940222572112183,0.02626187936271347,535523.1611099133
Malaysia,Denmark,0.9160022171485279,0.9011465024625828,0.026871859658369083,503046.3947915044
South Afr,Thailand,0.8465206229347942,0.8179360770484185,0.02597274076514693,845583.0986467222
South Afr,Hong Kong,0.9181669337910864,0.9029260520465786,0.023947851865236618,834066.2547545247
South Afr,South Kor,0.9059076342159718,0.8883835368503138,0.023893935711652044,734070.5240767169
South Afr,Norway,0.9409262179609222,0.9299241063699926,0.023135775947759046,727051.5214481718
South Afr,Mexico,0.922118552442244,0.907613634231205,0.02307210542841438,744591.9221834409
South Afr,France,0.9322470771186246,0.9196285314216613,0.022656210416205014,710695.4122698008
South Afr,Afghanist,0.9392408282622433,0.9279248236903832,0.02296881606909647,675563.5966726337
South Afr,Romania,0.9199756033312197,0.9050715746444442,0.026596773866272343,626708.7916976414
South Afr,Albania,0.9364813083453624,0.924651360954625,0.023007850092134935,562631.4944956803
South Afr,Greece,0.9250804265420619,0.9111271383137268,0.02404933387482607,534701.6168781783
South Afr,Denmark,0.9277136024845103,0.9142507263232105,0.025027468756728004,502410.0370796848
Thailand,Hong Kong,0.8555293325857741,0.8398011235692542,0.0307641520868456,838088.1074384395
Thailand,South Kor,0.8362507411626698,0.8184237136048241,0.030475660533062277,737000.8684828605
Thailand,Norway,0.842048072310964,0.8248521876534062,0.03657649667439272,736352.6066039429
Thailand,Mexico,0.8364488100302868,0.8186433458015606,0.032325855951997794,749436.6826954205
Thailand,France,0.8322745073859106,0.8140145958588912,0.0344647989082861,717554.5209576404
Thailand,Afghanist,0.8387861605065832,0.8212351585676352,0.0361731898146459,683255.9531449848
Thailand,Romania,0.8371758557015575,0.8194495433621868,0.036680066797682195,632571.1697448905
Thailand,Albania,0.8296090216050591,0.8110589244075356,0.036433552900087825,568969.3712704987
Thailand,Greece,0.8409750810326343,0.823662382135892,0.033875908737310174,538290.4019926296
Thailand,Denmark,0.8283635109664306,0.8096778177201915,0.03728605254144096,507727.2055814828
Hong Kong,South Kor,0.9090419623949711,0.8926367352455107,0.02343426934028955,733609.8739171774
Hong Kong,Norway,0.9286706263653116,0.9158056327076086,0.02535953385247849,728352.5353507195
Hong Kong,Mexico,0.9195991813018168,0.9050980582732637,0.02338410944524392,744616.4516276147
Hong Kong,France,0.9248548619448925,0.9113016555276133,0.023800938077359758,711209.6213695459
Hong Kong,Afghanist,0.9244038937465814,0.9107693505291107,0.025556582620527995,676911.075811512
Hong Kong,Romania,0.9179185636683302,0.9031143237877134,0.02686956339961375,626725.6978978469
Hong Kong,Albania,0.922257323542973,0.9082356240861014,0.025390741880009927,563641.5581088654
Hong Kong,Greece,0.9153452759441135,0.900076916885596,0.025500657731353713,535235.784001036
Hong Kong,Denmark,0.9183905830706676,0.9036714767936131,0.02652645129169996,502968.6735205583
South Kor,Norway,0.9155108653039541,0.9032318861517857,0.02718728785754083,728723.1429215005
South Kor,Mexico,0.9035055252082196,0.8894817853684132,0.025234820279515128,744817.5127114351
South Kor,France,0.9100319287868167,0.8969566845585293,0.02565347657878929,711409.479811927
South Kor,Afghanist,0.9106613154951686,0.897677541327479,0.027367254874377887,677121.9714101102
South Kor,Romania,0.8988452566838357,0.8841442304656059,0.029382561606977265,627495.460406359
South Kor,Albania,0.9095433480131617,0.8963970973394247,0.02697890348490347,563527.2478071607
South Kor,Greece,0.9005512014864117,0.8860981037236091,0.0272260066704767,535158.0603587946
South Kor,Denmark,0.904019649005814,0.8900706278314906,0.028337307091016836,502950.12885232194
Norway,Mexico,0.9181593713345649,0.9035739127605269,0.02357113840835853,744671.5359404712
Norway,France,0.9308397123569798,0.9185141165394118,0.022812742937583577,710558.3512349499
Norway,Afghanist,0.9348358547015492,0.9232224426681618,0.02370625211402637,675751.9212921124
Norway,Romania,0.9168704878690815,0.9020553272912941,0.02701601146789529,626762.5069985697
Norway,Albania,0.9317568437227272,0.9195946970594508,0.023767345481384036,562767.4226170762
Norway,Greece,0.9197176030951008,0.9054098491912573,0.02481083772905268,534839.7253469296
Norway,Denmark,0.9350018185334446,0.9234179842126722,0.023651849107310455,501564.7283563329
Mexico,France,0.9214765734982925,0.908553700012691,0.02416681327739463,710989.9290239831
Mexico,Afghanist,0.9200478220923426,0.9068898140171794,0.026106241448634233,676823.813605662
Mexico,Romania,0.9107979193900705,0.896117622646404,0.027822859475519917,626927.9727839027
Mexico,Albania,0.9144091942989451,0.9003232176308055,0.02646277218089028,563778.0296713706
Mexico,Greece,0.912422014724979,0.8980090010008726,0.025763175515994705,534930.4778956928
Mexico,Denmark,0.9119078598848896,0.8974102299099841,0.027374974991644766,502969.5221234336
France,Afghanist,0.9188084826050872,0.9057998969451289,0.026258592421480674,676801.161915957
France,Romania,0.910609162467358,0.8962868735809126,0.027800184962718074,626796.3043324692
France,Albania,0.9187050305175217,0.905679869661213,0.025741895856022063,563266.8246945072
France,Greece,0.9135720602272773,0.8997244897664545,0.025545588355211025,534698.0174647549
France,Denmark,0.923754651791324,0.9115385462772267,0.02542018687065184,501872.18141359737
Afghanist,Romania,0.9064626753287746,0.891157676311514,0.02847932717180805,627346.7078352144
Afghanist,Albania,0.9303230560687622,0.9189222001843159,0.023866531624854984,562399.9938644471
Afghanist,Greece,0.9110615859691009,0.8965090814568742,0.02595192576066492,534999.9713314787
Afghanist,Denmark,0.9189715766877506,0.9057133405395272,0.026243806525586534,502370.4684800309
Romania,Albania,0.9224545470421428,0.9075514219203372,0.02548522374233641,564010.6851468596
Romania,Greece,0.9150133345032462,0.8986801149362461,0.025678273108459906,535643.3394220555
Romania,Denmark,0.9208110060310126,0.9055920158726716,0.026260685888423223,503154.6380195828
Albania,Greece,0.9096933695783274,0.8949512314743007,0.02614652349345682,535089.1859582758
Albania,Denmark,0.9197782282662467,0.9066823965169437,0.026108594391663548,502292.9993529743
Greece,Denmark,0.8986976119758092,0.887072747776312,0.028721100938250643,502293.532580541
Canada,USA,0.9921661596739311,0.9870434051591076,0.009660386527337436,212166096.33793166
UK,USA,0.9879219622811729,0.9814344048843003,0.011563878018737038,212306113.85328692
Australia,USA,0.9853410017366006,0.9786615193474674,0.012397405630479563,212390509.9339741
Singapore,USA,0.9656827049155117,0.9566019328899669,0.01768008130723148,213048694.05440262
India,USA,0.9601386414818803,0.9495729801879209,0.019058148896187472,213236932.3291486
Philippin,USA,0.9572672195258711,0.9465746712335352,0.01961655164932191,213333582.4185149
Netherlan,USA,0.96276409451057,0.95321760246445,0.018356517891016635,213147318.13348553
New Zeala,USA,0.9659654128345714,0.9577819749198818,0.017438054118949532,213037732.48164254
Ireland,USA,0.9645571868060722,0.9560580506677122,0.017790523342249544,213085502.65499538
Finland,USA,0.9548831637207384,0.94558543732535,0.019797330619521603,213411926.25834057
Sweden,USA,0.9536834061381428,0.9442702257880586,0.02003515497635954,213452482.80715904
China,USA,0.9229933701204902,0.9067457026221677,0.025916926168043298,214494839.33470857
Germany,USA,0.9491945481062227,0.9390846470996526,0.02094654729451217,213604613.07779393
Malaysia,USA,0.9241016707699907,0.9106784126088238,0.025364556944569055,214455093.59125844
South Afr,USA,0.9492359564213207,0.9397814801209885,0.02082639507862625,213602413.70955068
Thailand,USA,0.8424266305742278,0.8252719587358264,0.035475650576550014,217223238.15391445
Hong Kong,USA,0.9341084172240814,0.9222241856472048,0.023668533391528433,214115601.25202093
South Kor,USA,0.9203439117314407,0.9087673291245566,0.025634465058390087,214580593.6104188
Norway,USA,0.9463734640226338,0.9368162595910239,0.02133299003186912,213699083.05728903
Mexico,USA,0.9291838680016857,0.9175294107865007,0.02437241772986421,214281766.23955125
France,USA,0.9334603707221583,0.9227993251472555,0.023580858527575445,214136299.53714544
Afghanist,USA,0.9427179651407293,0.9333452201930911,0.021911126865097767,213822239.89887348
Romania,USA,0.9336041015854942,0.9208437611154499,0.023877653168604913,214133466.09867552
Albania,USA,0.9435934855618899,0.9343853839869491,0.021739490435509712,213792492.36132315
Greece,USA,0.9082604134328978,0.8977329198924107,0.02714044677347554,214988691.6449154
Denmark,USA,0.9242451998230055,0.9129703502391405,0.02503702265245702,214448385.74623132
UK,Canada,0.9881583628973349,0.981797784948756,0.011376268288748137,19024916.57359754
Australia,Canada,0.9856706791533387,0.9791414167492026,0.012178116057763817,19029731.530871276
Singapore,Canada,0.9653477907952376,0.9561783964360603,0.01765150897496571,19082869.246010363
India,Canada,0.9609328621938212,0.9505777172331473,0.018745589638402733,19096039.27951317
Philippin,Canada,0.9574893712616899,0.9468524095269596,0.01943924954791939,19105627.239346214
Netherlan,Canada,0.9632754744088504,0.953860089262571,0.01811240330780819,19088672.48901434
New Zeala,Canada,0.9659295303223827,0.9577374646459021,0.01733466601473986,19080038.738291632
Ireland,Canada,0.9646650595611536,0.9561917911558667,0.017648811046683456,19083775.085224766
Finland,Canada,0.9556710095325348,0.9465356432537667,0.019497093663299287,19108957.554891337
Sweden,Canada,0.9543264738701491,0.9450439877709581,0.019767207027436524,19112822.602030125
China,Canada,0.9304646581222272,0.9157933614302413,0.02446869855336917,19184275.380349513
Germany,Canada,0.9497359172164607,0.9397337445718773,0.020700212748998664,19126286.21849833
Malaysia,Canada,0.9302536743876756,0.9179184498315482,0.024157972353882933,19183197.273642354
South Afr,Canada,0.9481626776737402,0.9385083101163822,0.020909609355033852,19130333.485088676
Thailand,Canada,0.8432351910130972,0.8261685454004526,0.035156196819910085,19438673.495207865
Hong Kong,Canada,0.9365293892003071,0.9250818050735978,0.02307976367280959,19164684.394582804
South Kor,Canada,0.9207094785869392,0.9091860245605944,0.025410549038631616,19209958.500255775
Norway,Canada,0.9465635388647533,0.9370402091574817,0.021157743282897552,19134687.427382465
Mexico,Canada,0.9304215246552926,0.9189707529014499,0.024002617635213986,19182058.621720694
France,Canada,0.9348415278559448,0.9244017726505436,0.0231842745497178,19168663.899207875
Afghanist,Canada,0.9406144244521565,0.9308974886878092,0.022165861760414952,19151648.688034967
Romania,Canada,0.9345426718289997,0.9219627111135512,0.02355530823184502,19171200.709499106
Albania,Canada,0.9417457670938978,0.9322360340583952,0.02195013081262946,19148258.970925346
Greece,Canada,0.9099606176572538,0.8996282295195616,0.02671428146520828,19240267.960174445
Denmark,Canada,0.9256146922027033,0.914543668918311,0.024649597187587798,19195537.70367835
Australia,UK,0.9867804190831897,0.9807568179926552,0.011979283505227017,15420158.8638989
Singapore,UK,0.9665310016905863,0.9576746992686479,0.017766113229040738,15464373.561403872
India,UK,0.962242282200753,0.9522342124226394,0.01887343157141355,15475291.353382424
Philippin,UK,0.9580122675714947,0.9475061443635917,0.019785482044248386,15485385.616434818
Netherlan,UK,0.9653212251511232,0.9564303268659192,0.01802538503393626,15467086.166679535
New Zeala,UK,0.9683670469239756,0.9607610693254319,0.017106099002878454,15458632.856432464
Ireland,UK,0.9683768042834218,0.9607936069775364,0.01709900518405251,15458578.741963858
Finland,UK,0.9584327425148335,0.9498665171547147,0.01933554143682964,15482274.528837912
Sweden,UK,0.9574160590446317,0.9487614866158863,0.019547474704160003,15484721.241035182
China,UK,0.9351483933735867,0.9214653203336853,0.024200433065046104,15541677.925260032
Germany,UK,0.9535195811458048,0.9442703290312421,0.02038616987858298,15494417.507557085
Malaysia,UK,0.9340432833277331,0.9223782829998376,0.024059357309153522,15542814.947877692
South Afr,UK,0.9514890732363608,0.9424542254373842,0.020715676453928338,15498951.831164401
Thailand,UK,0.8420975953523641,0.8249071021611865,0.03613488397940845,15772826.370140586
Hong Kong,UK,0.9389274218344407,0.9279123478092092,0.02318584029215353,15530579.575794168
South Kor,UK,0.9217535116339842,0.9103817890706846,0.025851784932807185,15572412.877681956
Norway,UK,0.9504918172659114,0.941668576778648,0.020856608344640808,15501085.298637064
Mexico,UK,0.9312836046638051,0.9199747084161748,0.02442901926576238,15549202.197971428
France,UK,0.9373527957081711,0.9273153983354472,0.02328164199539994,15533554.737382978
Afghanist,UK,0.9408054047462044,0.931119718039097,0.022664172005080998,15524957.085068498
Romania,UK,0.9335116322845635,0.9207335205396198,0.024312923541832582,15544928.259145007
Albania,UK,0.94339226279338,0.9341513125357988,0.022159806345817185,15518363.964813167
Greece,UK,0.9135133608516377,0.9035886645559241,0.026813681639567793,15591681.052544862
Denmark,UK,0.929082110763159,0.9185271554061072,0.02464897357890377,15553975.557062801
Singapore,Australia,0.9664748090603822,0.9576036373877309,0.01757640335292397,10619805.224592593
India,Australia,0.9626682154781864,0.9527730436772237,0.018550716569472846,10626371.042361472
Philippin,Australia,0.9590382589181184,0.9487888581116032,0.01931736746696721,10631984.04470568
Netherlan,Australia,0.965187087496721,0.9562617991776505,0.01785238189478701,10621671.969579699
New Zeala,Australia,0.9684136226108531,0.9608188438918503,0.016896794986632494,10615435.97395263
Ireland,Australia,0.967499994982585,0.959706540054811,0.017134955942252592,10616979.114957396
Finland,Australia,0.9569567586197891,0.9480863609029213,0.01944941075072821,10633598.183965515
Sweden,Australia,0.9572167525980849,0.9485216740057846,0.019367694201132202,10633019.332955163
China,Australia,0.937290545999904,0.9240594468180656,0.02352353520230544,10667648.082206331
Germany,Australia,0.9521505549651712,0.9426288769859482,0.02044618975368938,10641535.220329301
Malaysia,Australia,0.9383615178140878,0.927460233590339,0.02299078434958493,10664197.675774429
South Afr,Australia,0.9502520836078284,0.9409868544542108,0.020736721431298875,10644198.438665861
Thailand,Australia,0.8433068356609379,0.8262479898461091,0.035582022528007747,10824184.319001878
Hong Kong,Australia,0.9385599986580457,0.9274786560453706,0.022987864753847623,10664025.614541896
South Kor,Australia,0.922168244985116,0.9108567964699595,0.025486478353191473,10690477.873816838
Norway,Australia,0.9498638155261271,0.940928653936724,0.020746944496741217,10644480.578799484
Mexico,Australia,0.9314206866898438,0.9201343505081527,0.024123800339472104,10675533.308851227
France,Australia,0.9382167519901904,0.9283177785521546,0.02285448499665301,10663628.33660064
Afghanist,Australia,0.942097297667695,0.932622996308237,0.022157540831833293,10657123.448117942
Romania,Australia,0.935004457018892,0.9225132448012838,0.023761806170528314,10670705.194172462
Albania,Australia,0.9429905127250868,0.9336839786342652,0.021982391733049424,10655568.38484307
Greece,Australia,0.9130028747438713,0.9030195980751352,0.026583227090052963,10704633.074249871
Denmark,Australia,0.9303195013619681,0.9199487111382868,0.024151820694852076,10676637.145053169
India,Singapore,0.9598479791462711,0.9492052748235958,0.01826444206347438,2623982.468027564
Philippin,Singapore,0.9568303095501316,0.946028438134817,0.018826933806237133,2624634.5473372233
Netherlan,Singapore,0.952713412091963,0.9405901394222446,0.019752695514353054,2626483.896851669
New Zeala,Singapore,0.9543905732759831,0.9434240259191312,0.019275831560231937,2625235.4351443965
Ireland,Singapore,0.953386125194981,0.9422081843882905,0.019481853442382638,2625607.6206780267
Finland,Singapore,0.9446251899111634,0.9332134891833964,0.020943124767441965,2627770.1289863815
Sweden,Singapore,0.9417240113039358,0.929880256270661,0.021459384566717258,2628802.243100196
China,Singapore,0.9302701508260367,0.915557814941978,0.02354923664775131,2633626.7204181124
Germany,Singapore,0.9377277354183314,0.9253360253378483,0.022143825749526416,2630210.157192804
Malaysia,Singapore,0.9331158014435165,0.9212867681402187,0.02273636197035293,2631129.548844455
South Afr,Singapore,0.9388232500119988,0.9274294741793773,0.02183118136029487,2629263.5192542085
Thailand,Singapore,0.8515811811057394,0.8354231453789377,0.03287618998824949,2660308.4990335065
Hong Kong,Singapore,0.9361844084664545,0.9246746034799941,0.022241691664569265,2630063.527541733
South Kor,Singapore,0.914134078365877,0.9016550079455184,0.02541401180872215,2637276.3769230014
Norway,Singapore,0.930570654142478,0.9181971073559889,0.023178292178130975,2632189.9838078925
Mexico,Singapore,0.9234680086625288,0.9108728725901901,0.02419368697150523,2634421.6133089503
France,Singapore,0.9233327029851568,0.9110489924137178,0.024169771161193714,2634290.1312862984
Afghanist,Singapore,0.9240884966722893,0.9116675140547825,0.02408559220923722,2634136.615518651
Romania,Singapore,0.9271979530361986,0.91320644259116,0.023874860746375612,2634091.3345148666
Albania,Singapore,0.9246918237625297,0.9123981136631578,0.023985779204853723,2633882.50141489
Greece,Singapore,0.9010027092451656,0.889642364404447,0.02692144062277941,2641082.8350973176
Denmark,Singapore,0.9098798028848967,0.8964669014639038,0.026075743987619443,2639107.589176976
Philippin,India,0.9524888499501932,0.9406006633942181,0.01815908939866806,2752221.3015575088
Netherlan,India,0.9464101065544325,0.9326708007740011,0.019333255659367807,2754414.5441428935
New Zeala,India,0.9483531941711958,0.9359349906849094,0.018858785297069185,2753200.527714925
Ireland,India,0.9492007087553326,0.9370191110458541,0.018698538483858326,2752901.9783266373
Finland,India,0.9364725830229652,0.9233807842540492,0.020623962984939997,2755735.4651183593
Sweden,India,0.9341491335076133,0.9207658937048129,0.020972941779622258,2756375.9502526894
China,India,0.9302302377600967,0.9155094805982175,0.021657446953959006,2757949.667176668
Germany,India,0.9306411808229023,0.9168392999287192,0.021486334755770567,2757344.056258208
Malaysia,India,0.9300157955640168,0.9176385001363244,0.0213828403202247,2756649.6803567875
South Afr,India,0.9311878521109106,0.9183720325754946,0.021287406852540627,2756654.4383795257
Thailand,India,0.852712587635384,0.836677725689803,0.030111055466439444,2778710.316611282
Hong Kong,India,0.9294344323240344,0.9167071990070434,0.021503393524695005,2756982.1459601256
South Kor,India,0.9108406154049866,0.8978828992607643,0.02380962237087774,2761523.4238197017
Norway,India,0.9219951062990848,0.9080932440553573,0.022587958849378444,2759303.7734573674
Mexico,India,0.9178721750077634,0.9043561131227257,0.023042621065482896,2760070.6577500617
France,India,0.9142596984681712,0.9005223020901434,0.02349990640461569,2761056.603821822
Afghanist,India,0.9171317505100329,0.9035724737030044,0.023136826093637642,2760270.451137743
Romania,India,0.9255541712657361,0.9112467495136678,0.022197057301053032,2758719.5347867473
Albania,India,0.9173021934883726,0.903802160558322,0.023109254126489176,2760199.224902086
Greece,India,0.8934596991116466,0.8812337629441305,0.02567732439015214,2765783.94168532
Denmark,India,0.9008355580820793,0.88607657034691,0.025148367305067282,2764916.3881591246
Netherlan,Philippin,0.9422271693477031,0.9274154476759812,0.020507174235910593,2226319.3870914443
New Zeala,Philippin,0.9434450092811213,0.9298466584897856,0.020160806484768836,2225397.610726347
Ireland,Philippin,0.9442058933198948,0.9308265459809081,0.02001951034506002,2225155.916986913
Finland,Philippin,0.9316017658534947,0.917506183816546,0.021862227906523805,2227506.9568000278
Sweden,Philippin,0.9278284186151716,0.9131605845824613,0.02243066584688015,2228479.047164223
China,Philippin,0.920829931254902,0.9041257987042063,0.02356864416399698,2230783.7327779643
Germany,Philippin,0.9231844458241236,0.9078987310133069,0.02310024186383119,2229645.85901904
Malaysia,Philippin,0.9272427110161937,0.9143749722524515,0.022273275179229616,2227603.7626268626
South Afr,Philippin,0.9243625571115327,0.9102755703233665,0.022800221876521202,2228806.0675792107
Thailand,Philippin,0.8476664314413722,0.8310822053876995,0.03128393835030855,2247502.1821895484
Hong Kong,Philippin,0.9220113322171397,0.9079452656687679,0.023094405366544665,2229244.9035298396
South Kor,Philippin,0.9042154644522216,0.8902949015381555,0.025211409457671457,2232896.281107783
Norway,Philippin,0.91878899309473006,0.9043157443393355,0.023545285530707605,2230082.5388291483
Mexico,Philippin,0.9120807274274809,0.8976115468654727,0.024356182018064707,2231449.041623801
France,Philippin,0.907963128943627,0.8932168899345948,0.024873391342103493,2232449.2426803987
Afghanist,Philippin,0.914775879686501,0.9008311246677994,0.023970186552623573,2230637.06243186
Romania,Philippin,0.9180725073016308,0.9023272169199607,0.023788688602464397,2230844.8782371236
Albania,Philippin,0.9137604508050065,0.899682244826938,0.024108635046141167,2230912.52107041
Greece,Philippin,0.8830155754033573,0.8695911332365295,0.027487629000313037,2237633.480306277
Denmark,Philippin,0.8936911529769643,0.8778688386573653,0.026600938765751748,2236062.867876683
New Zeala,Netherlan,0.9600866894558412,0.9504897433486286,0.01831981349748933,1962297.5014181333
Ireland,Netherlan,0.9593023838111412,0.9495431533966919,0.018494113207801643,1962514.0066097595
Finland,Netherlan,0.955591010051029,0.9464391573926261,0.019054482556478076,1962400.6667187158
Sweden,Netherlan,0.9536511631721576,0.9442314299038095,0.01944322106046634,1962885.1549512933
China,Netherlan,0.9324534135467493,0.9182017253602085,0.023547539326675835,1969659.7168246843
Germany,Netherlan,0.9499933434652575,0.9400423966988981,0.020160235057527058,1963840.5616873591
Malaysia,Netherlan,0.930330125009022,0.9180084213885638,0.023575346434271453,1968983.400019294
South Afr,Netherlan,0.9429085895964131,0.932275681960191,0.021426230838050443,1965510.2762686973
Thailand,Netherlan,0.8467340669358794,0.8300483363755519,0.03394190154262671,1991654.9202294284
Hong Kong,Netherlan,0.9310470529276897,0.9186106724919334,0.02348860309170528,1968903.754430859
South Kor,Netherlan,0.9212211129549165,0.909772015800145,0.024731137193984003,1970473.5820007152
Norway,Netherlan,0.9464539492088644,0.9369110886718303,0.020679973403083803,1964108.695770141
Mexico,Netherlan,0.928684082954204,0.9169473743749823,0.02372739950439279,1968990.5317415413
France,Netherlan,0.9346897756232431,0.9242257065242047,0.022663887570207604,1966976.356750863
Afghanist,Netherlan,0.9314556977310839,0.9202401697848662,0.02325228137345191,1968104.5108697608
Romania,Netherlan,0.9320838159334714,0.9190312983411231,0.023427829080901994,1969051.8724372194
Albania,Netherlan,0.9332606124787151,0.9223657173506069,0.022940360133414304,1967537.2571501043
Greece,Netherlan,0.9088438593010822,0.8983833185651409,0.026245567216651087,1972931.8432393
Denmark,Netherlan,0.9262186807742948,0.9152375512032928,0.023970395888205986,1969093.1203046758
Ireland,New Zeala,0.9632551800363399,0.9544438245284714,0.017946826350602945,1920998.2868144433
Finland,New Zeala,0.9539997938839505,0.9445200216776024,0.01980533412340387,1922546.5702682196
Sweden,New Zeala,0.9514011041595405,0.9415240788168383,0.020333051853341385,1923221.3712323816
China,New Zeala,0.9275281242260112,0.9122372467730189,0.024909737544897625,1930702.314562728
Germany,New Zeala,0.9481913225574026,0.9378817872476666,0.020956729515660348,1924026.327313158
Malaysia,New Zeala,0.9275299613663976,0.9147130252441205,0.02455587347483381,1929386.1447654753
South Afr,New Zeala,0.9468156408850457,0.936910396397944,0.021119952227615715,1923948.1753161345
Thailand,New Zeala,0.8337169250996346,0.8156140464686118,0.036105881206894765,1954772.8959356258
Hong Kong,New Zeala,0.9338299728705303,0.9218955209614128,0.02349914181223731,1927627.5838293086
South Kor,New Zeala,0.9163178630522075,0.904156166537177,0.026031315753260023,1931477.4674953262
Norway,New Zeala,0.9454181540392699,0.9356906963432982,0.02132312906794143,1924053.5435291189
Mexico,New Zeala,0.9243147924260121,0.9118590145036253,0.024963356744738388,1929861.895504411
France,New Zeala,0.9322694649911671,0.9214176113157186,0.023570926040539897,1927289.6460932535
Afghanist,New Zeala,0.936632977770643,0.9262645797396335,0.02283242880366363,1926114.199789306
Romania,New Zeala,0.9275578745071791,0.9136355358125328,0.024710502304312834,1929977.8454343097
Albania,New Zeala,0.9395094707935902,0.9296346727706474,0.022304546010842346,1925232.648620816
Greece,New Zeala,0.9079874654310282,0.8974286499886872,0.026929424227973953,1932670.2836047988
Denmark,New Zeala,0.924882874746588,0.9137029325326852,0.02470085868606169,1929044.56788539
Finland,Ireland,0.9550042233927821,0.945731445105484,0.019798162795820525,1887993.69443941
Sweden,Ireland,0.9543548525202128,0.9450781339727535,0.019916976215773867,1888078.154172056
China,Ireland,0.9331123604113151,0.9189997037545437,0.024187671748786877,1894636.1782233415
Germany,Ireland,0.9506625605808762,0.9408447829634687,0.020670324213773135,1889006.8149952227
Malaysia,Ireland,0.9337677574319554,0.9220540280310139,0.023727260644572583,1893134.3392782528
South Afr,Ireland,0.951037392722002,0.9419184223351211,0.02048188695457481,1888406.50533753
Thailand,Ireland,0.8413359961408137,0.8240625892911025,0.035647564262379486,1917558.3211158991
Hong Kong,Ireland,0.9374413219080362,0.9261582143202809,0.023094143378392225,1892188.2479919277
South Kor,Ireland,0.9202851690949005,0.908700049300223,0.02567946869835701,1895834.2906245508
Norway,Ireland,0.9481890266282159,0.9389553878094821,0.020997830809630146,1888933.141584336
Mexico,Ireland,0.9299838179218826,0.9184610112481228,0.024267968527470932,1893761.00757452
France,Ireland,0.9364068234143111,0.9262178614199189,0.02308481412838812,1891690.010567633
Afghanist,Ireland,0.9395210828958382,0.9296252496538925,0.02254546495247383,1890908.9331256384
Romania,Ireland,0.934299328094208,0.9216726001991392,0.02378524435143561,1893574.3561114597
Albania,Ireland,0.9416632631331269,0.9321400617091115,0.02213897412699545,1890261.6138807395
Greece,Ireland,0.9119479309030968,0.9018435951050915,0.026626254835005685,1896985.5824784313
Denmark,Ireland,0.9276215486961873,0.9168492128223293,0.024506649815366887,1893815.1971918892
Sweden,Finland,0.9522426634273472,0.9425366728802256,0.020406776181138415,1268322.8034556753
China,Finland,0.9289971342693853,0.9140162039829396,0.024962456694809374,1273338.4597249187
Germany,Finland,0.9492238080123474,0.9391197295059883,0.021004739698582027,1268785.3986416364
Malaysia,Finland,0.923823385275936,0.9103509099835475,0.025488950860690546,1273148.53179963
South Afr,Finland,0.9410289415444554,0.9300459615596297,0.02251569789643005,1269990.230875753
Thailand,Finland,0.8455028893443015,0.8286831231430833,0.035235390703872986,1286407.9356828618
Hong Kong,Finland,0.931243269521089,0.9188422787866714,0.02425179783865322,1271766.8638241626
South Kor,Finland,0.917991731840903,0.9060733021084453,0.02608996788147683,1273121.8463328434
Norway,Finland,0.9448610686023323,0.9350343283532431,0.021698063888136863,1268910.5402941771
Mexico,Finland,0.9285845113703157,0.91683141594912,0.024550405572585386,1271712.0310292307
France,Finland,0.9339398370365666,0.9233556120313756,0.02356780832975254,1270452.8274066562
Afghanist,Finland,0.9278703654771319,0.9160681892937942,0.02466279616062115,1271821.2289858805
Romania,Finland,0.9287955958436177,0.9151111294579112,0.024803010371082,1272702.6062346909
Albania,Finland,0.9296864821378187,0.9182081268269836,0.024346363080718088,1271436.4201390573
Greece,Finland,0.9085804909725256,0.8980897276415039,0.027176154216449533,1273795.8141756188
Denmark,Finland,0.9220521132525993,0.910450858990114,0.025474738191127128,1272432.3577878887
China,Sweden,0.9319646987263462,0.9176098963544966,0.025011489497992007,1152255.755444688
Germany,Sweden,0.9485668643146373,0.938332058976744,0.021638729375410417,1148629.017839634
Malaysia,Sweden,0.9280897348402948,0.9153717993670191,0.0253489272350488,1151776.0975630148
South Afr,Sweden,0.9407735913466483,0.9297430540314119,0.02309652617578675,1149673.3365503782
Thailand,Sweden,0.8434798387736351,0.8264398274334142,0.03630170873163459,1165431.0997985422
Hong Kong,Sweden,0.9319821504882754,0.9197144246133719,0.024689983138914767,1151154.2713023252
South Kor,Sweden,0.9176005893617623,0.90562531409095,0.02676885473023738,1152601.3122899195
Norway,Sweden,0.9480853206174029,0.9388331995393162,0.0215506271486737,1147968.3189265148
Mexico,Sweden,0.9266084108594387,0.9145301017022333,0.025474673401842077,1151602.5664361704
France,Sweden,0.9321931196782525,0.9213290338808455,0.024440454226849605,1150359.9564951393
Afghanist,Sweden,0.9321166189218215,0.921009233882302,0.02449007946080936,1150503.9070505123
Romania,Sweden,0.9314016040792452,0.9182179751420623,0.02491902012403803,1151696.9180798724
Albania,Sweden,0.9320171005487521,0.9209192078719599,0.024504031194818983,1150508.7540088147
Greece,Sweden,0.9099450025674573,0.8996108225342146,0.027608669582239804,1152851.1012089392
Denmark,Sweden,0.925871004402363,0.9148381289513873,0.025428727540180277,1151141.9565245432
Germany,China,0.9104768750821279,0.8926624497206371,0.022463488986548923,1150161.8527703285
Malaysia,China,0.911295753746007,0.8956076614053882,0.02215316002478371,1149263.3744214657
South Afr,China,0.902207523372237,0.883994304183049,0.023352911203517034,1150676.3708485104
Thailand,China,0.84359548948503,0.8265680687875624,0.028553930712410414,1154564.0124827242
Hong Kong,China,0.9186786033011647,0.9040114444652531,0.021242767677647996,1148523.7031053992
South Kor,China,0.8962865891545845,0.8812137065389369,0.023631132583548414,1149833.1456728352
Norway,China,0.8956291488485213,0.8770284030987527,0.02404383714316337,1151156.6715676936
Mexico,China,0.8963372672043882,0.8792771306213232,0.02382298328133889,1150564.863858187
France,China,0.8913549093016029,0.8739476848250641,0.02434315053005945,1150986.3095238626
Afghanist,China,0.8849939751184108,0.8661761705256606,0.025082342738896903,1151863.583363205
Romania,China,0.902622718988475,0.883908200630775,0.023361576276463757,1150842.3817905935
Albania,China,0.8862055754227454,0.8676291639814926,0.024945805229936915,1151706.7156656438
Greece,China,0.8602979541727369,0.8442665718646903,0.02705778821468187,1152842.487039124
Denmark,China,0.8689952899946081,0.8494974047564764,0.026599493423037412,1153180.0221434864
Malaysia,Germany,0.9240405008960159,0.9106064243279304,0.0249591958303639,1077719.0721741077
South Afr,Germany,0.9360961884080023,0.9241945149083132,0.022984113076413414,1076083.9485391683
Thailand,Germany,0.8443384133314725,0.827391873145941,0.03468231303904411,1088141.0286349272
Hong Kong,Germany,0.9273481212589165,0.9142446000642526,0.02444602054141632,1077304.7534837585
South Kor,Germany,0.9156331005474206,0.9033718860937734,0.02594951141887198,1077911.3615893188
Norway,Germany,0.9401872101836122,0.9295275050678202,0.022160893036271338,1075122.3394143113
Mexico,Germany,0.9239176387974006,0.9113964999206395,0.02484865423767614,1077284.8182601153
France,Germany,0.932090791825469,0.9212103109577264,0.023432149376229852,1075781.9487762328
Afghanist,Germany,0.9260218112645283,0.91391716630194475,0.024492646330167085,1076904.4469129045
Romania,Germany,0.9271440602381515,0.913142192369411,0.024602648711860728,1077764.1903842024
Albania,Germany,0.9263231924752219,0.9142957957434156,0.024438722356864475,1076840.8510758549
Greece,Germany,0.9044974645715543,0.8935381572273065,0.027237950331843088,1078522.4070457628
Denmark,Germany,0.9189092326429746,0.9068402125616796,0.025479545595139614,1077509.303656817
South Afr,Malaysia,0.919161729530511,0.9041061220880293,0.023698613670244353,937874.3635520403
Thailand,Malaysia,0.8548327883147898,0.8390287480303772,0.030704473961651154,942609.6915653897
Hong Kong,Malaysia,0.9234000019926919,0.9095843964668243,0.023011725944375394,937161.3512487047
South Kor,Malaysia,0.9010994514599067,0.8867260319896909,0.025756838655846766,938528.9392941549
Norway,Malaysia,0.9116042598665126,0.895850563605099,0.024697668804889696,938488.6871924124
Mexico,Malaysia,0.905877790952351,0.8903877715543608,0.025337105745833026,938676.4910054647
France,Malaysia,0.9028220620973605,0.8872521162455564,0.02569695712599329,938880.2227879702
Afghanist,Malaysia,0.9039355895443191,0.8882170973511143,0.025586753885129532,938872.8665226564
Romania,Malaysia,0.916274872952002,0.9001841030017189,0.02417838882208183,938426.5421278599
Albania,Malaysia,0.9060875435675623,0.8907567711098721,0.0252944222668905,938602.8523908207
Greece,Malaysia,0.876645645165185,0.8624902273972553,0.02837881666375646,940250.1404303664
Denmark,Malaysia,0.8863456849523624,0.8694301191568573,0.02765342983987106,940416.9235846468
Thailand,South Afr,0.8396240799929133,0.8221643005357044,0.03490680084755486,938239.9919864247
Hong Kong,South Afr,0.9333490718488029,0.9213278844437846,0.02321726128686487,928147.1228014182
South Kor,South Afr,0.9165228996267085,0.904391001497385,0.025594695023621775,929161.7459290455
Norway,South Afr,0.9413083273410288,0.9308484252829943,0.021767152086399736,926984.0921035793
Mexico,South Afr,0.9256456706020936,0.9134089199313241,0.02435774911311331,928630.3427802592
France,South Afr,0.9299016946064568,0.9186704744052813,0.023606124540580125,927889.7406305836
Afghanist,South Afr,0.9340214214221676,0.9232257087604754,0.022935514266351813,927452.0488335745
Romania,South Afr,0.9301960305088908,0.9167807076028519,0.023878804718793063,928993.6876848858
Albania,South Afr,0.9369284229876469,0.9266322808947212,0.02242090215307407,927041.259170213
Greece,South Afr,0.9086730558968573,0.8981929147702673,0.026411287718309286,929047.8213164662
Denmark,South Afr,0.9224552950618428,0.9109140477460269,0.02470615648388356,928483.4869135814
Hong Kong,Thailand,0.8603106240994353,0.8351161937626002,0.024716947484233698,844417.7659493436
South Kor,Thailand,0.8347427131861666,0.8107255329081214,0.02648206509351834,844924.2714013851
Norway,Thailand,0.8358932640386583,0.8066465190158449,0.026765898719060766,846040.3884117231
Mexico,Thailand,0.8361812371058165,0.8092210133641379,0.02658710810825565,845532.2802548241
France,Thailand,0.822348954293829,0.793885527081238,0.02763503867635915,846336.2126456059
Afghanist,Thailand,0.8290723104713622,0.8011043508418392,0.02714678942766881,845992.3380979915
Romania,Thailand,0.8472134345740887,0.8178500455600255,0.025978876548681983,845741.1439926039
Albania,Thailand,0.8278933937301111,0.7997977893830226,0.027235808191769736,846060.5836681926
Greece,Thailand,0.7848596045546792,0.7601713624543964,0.029809614024600584,847218.1528410353
Denmark,Thailand,0.8023208899668548,0.7728996225846088,0.029007797878764462,847309.83930847
South Kor,Hong Kong,0.9043478252938002,0.890446498652187,0.02544065847705445,834113.2497048437
Norway,Hong Kong,0.9114674034741942,0.8956893169646446,0.02482444863735421,834523.3584784511
Mexico,Hong Kong,0.9091740432161075,0.8942264995209603,0.024997907423528164,834288.5606171215
France,Hong Kong,0.9081379415987433,0.8934197112471607,0.025093062195413404,834244.8268049932
Afghanist,Hong Kong,0.903894499665088,0.8881692841604837,0.02570370742787711,834836.3616734712
Romania,Hong Kong,0.9127784724245694,0.8960157443832736,0.024785575676199996,834866.467829603
Albania,Hong Kong,0.9046364127396173,0.8890687499121648,0.025600129977898192,834740.818004991
Greece,Hong Kong,0.8817418528763623,0.8681712458293875,0.02790745870058269,835431.3405247915
Denmark,Hong Kong,0.889418366167277,0.8729601181712563,0.027395880132625002,835889.9375270364
Norway,South Kor,0.9005766015894126,0.8828575800904959,0.024478266470426963,734235.24188103
Mexico,South Kor,0.8956880263903126,0.8785210419877397,0.02492723405715687,734161.6876902125
France,South Kor,0.8934514746575057,0.8763801639672719,0.025145926634526555,734191.7993830286
Afghanist,South Kor,0.8910314494466478,0.8732015236390264,0.02546716370655977,734512.7521962917
Romania,South Kor,0.8967869691800527,0.8769509033136712,0.02508781147403222,735025.7115765107
Albania,South Kor,0.8877448790194403,0.8694197517430439,0.025844153240845134,734770.8110928669
Greece,South Kor,0.8603999647418624,0.844380288564699,0.028213428530032274,735234.4928651642
Denmark,South Kor,0.877788783846057,0.8595996647885514,0.026798324079902156,735075.5458227166
Mexico,Norway,0.9233244412446608,0.9107056777828868,0.026116301280466485,728457.1237049919
France,Norway,0.9315883492491863,0.9206273665322051,0.024622669873647314,727289.4510044047
Afghanist,Norway,0.9291992661678765,0.9176145307103387,0.02508563260216201,727703.275311769
Romania,Norway,0.9286444767187066,0.9149309674021648,0.02549091908964122,728758.8090962116
Albania,Norway,0.9310738554220828,0.9198219823580435,0.024747276154552723,727460.0132016315
Greece,Norway,0.9073198661095536,0.8966844409090106,0.028091996948607072,728578.6244640991
Denmark,Norway,0.92684227162075306,0.9159539532376794,0.025337186766677584,727461.5393002756
France,Mexico,0.9118941487734321,0.8977777416708327,0.024269231339621423,744602.9178988121
Afghanist,Mexico,0.9101736364854563,0.8954758416731028,0.024540964396787355,744876.8785031657
Romania,Mexico,0.920641407320338,0.9053898227195214,0.0233481359785883,744924.3417571692
Albania,Mexico,0.9114307698059533,0.8969722542219789,0.02436466164518995,744751.2317014815
Greece,Mexico,0.8903140565527105,0.8777271450095789,0.026542896416192577,744852.9260066523
Denmark,Mexico,0.8952450820555038,0.8796540443887848,0.026332920969198762,745682.2704589476
Afghanist,France,0.9159520077059207,0.9021996960593667,0.0249923111840328,711490.2122467767
Romania,France,0.9238700706239908,0.9092389888554507,0.024076091228677692,711704.2282696405
Albania,France,0.919751235709939,0.9066509975511509,0.024416935622252247,711109.9582388854
Greece,France,0.9002863742604593,0.8888438270444464,0.02664422610148781,711212.1693700715
Denmark,France,0.9129908794683765,0.9000410103627046,0.025266625675610593,711250.2043600703
Romania,Afghanist,0.9259321759641499,0.9116974012997211,0.025423333569392345,677147.7351642954
Albania,Afghanist,0.932188036616283,0.9211180484588238,0.024028937983741425,675513.1185998282
Greece,Afghanist,0.8931169671579626,0.8808517010941221,0.029531783534065017,677821.2193239038
Denmark,Afghanist,0.9086568418606155,0.8950619229098624,0.027714835435807474,677456.1060130188
Albania,Romania,0.909120269432249,0.8942845753903972,0.028067258954636833,627056.6878523004
Greece,Romania,0.8877665775023174,0.8748873322976651,0.030533842740789185,627524.4807410607
Denmark,Romania,0.9007528605684958,0.8859815646756332,0.029148644311499508,627421.7455351538
Greece,Albania,0.8932979886728765,0.881053495569764,0.028907742308836717,563801.6193156516
Denmark,Albania,0.9094905966139469,0.8960197682741079,0.027027988365802214,563653.8813271875
Denmark,Greece,0.8999563716224017,0.8850665315179321,0.027349017298502656,535323.6187453284
